Packet ID,Temperature (°C),Humidity (%),RTT (ms),Latency (ms),Throughput (Bytes/s),PRB (units)
1,29.0,47.0,30.097007751464844,15.048503875732422,996.7768306980576,0.04430119247546922
2,29.0,47.0,8.790016174316406,4.395008087158203,3412.96300314636,0.15168724458428265
3,29.0,48.0,9.717702865600586,4.858851432800293,3087.1493412497853,0.13720663738887934
4,29.0,48.0,12.480735778808594,6.240367889404297,2323.580958202797,0.10327026480901319
5,29.0,48.0,12.129545211791992,6.064772605895996,2473.299656019656,0.10992442915642917
6,29.0,48.0,10.42795181274414,5.21397590637207,2780.9871507613516,0.12359942892272674
7,29.0,48.0,9.662389755249023,4.831194877624512,3104.82197053816,0.13799208757947376
8,29.0,48.0,9.77945327758789,4.889726638793945,3067.656150958116,0.13634027337591628
9,29.0,48.0,11.609554290771484,5.804777145385742,2584.078531235881,0.11484793472159471
10,29.0,48.0,7.877111434936523,3.9385557174682617,3935.4527679409184,0.17490901190848526
11,29.0,48.0,9.670734405517578,4.835367202758789,3205.5476554410534,0.14246878468626903
12,29.0,48.0,10.016441345214844,5.008220672607422,3094.911549081215,0.13755162440360955
13,29.0,48.0,9.723186492919922,4.861593246459961,3085.4082683536853,0.1371292563712749
14,29.0,48.0,9.719610214233398,4.859805107116699,3189.428312115191,0.14175236942734182
15,29.0,49.0,9.617090225219727,4.808545112609863,3223.4282172695043,0.14326347632308908
16,29.0,50.0,9.89079475402832,4.94539737701416,3134.2274074966854,0.13929899588874156
17,29.0,51.0,9.865522384643555,4.932761192321777,3142.2563135890186,0.13965583615951194
18,29.0,51.0,9.74130630493164,4.87065315246582,3182.3247344461306,0.14143665486427248
19,30.0,51.0,18.52703094482422,9.26351547241211,1673.23086426108,0.07436581618938133
20,30.0,52.0,12.68768310546875,6.343841552734375,2364.4978953698137,0.1050887953497695
21,30.0,52.0,7.855415344238281,3.9277076721191406,3946.322204686172,0.1753920979860521
22,30.0,53.0,9.553194046020508,4.776597023010254,3140.310963587811,0.13956937615945827
23,30.0,54.0,9.958505630493164,4.979252815246582,2811.6668342550697,0.12496297041133643
24,30.0,55.0,13.766765594482422,6.883382797241211,2251.79979910637,0.10007999107139422
25,30.0,55.0,14.577150344848633,7.288575172424316,2126.615920577027,0.09451626313675675
26,30.0,56.0,10.659933090209961,5.3299665451049805,2908.0857954418375,0.1292482575751928
27,30.0,57.0,9.443521499633789,4.7217607498168945,3282.6737357671236,0.14589661047853883
28,30.0,58.0,9.633064270019531,4.816532135009766,3218.0829620829622,0.14302590942590943
29,30.0,59.0,9.525060653686523,4.762530326843262,3149.5862431478563,0.1399816108065714
30,30.0,60.0,9.96708869934082,4.98354434967041,3110.236191843081,0.13823271963747027
31,30.0,60.0,11.998176574707031,5.999088287353516,2583.72593593514,0.11483226381933956
32,30.0,61.0,7.035732269287109,3.5178661346435547,4406.080108437818,0.19582578259723635
33,30.0,62.0,9.788990020751953,4.894495010375977,3166.8231282575866,0.14074769458922606
34,30.0,63.0,13.706445693969727,6.853222846984863,2188.751239367531,0.09727783286077916
35,30.0,64.0,20.48349380493164,10.24174690246582,1513.41369276253,0.06726283078944578
36,30.0,65.0,14.154672622680664,7.077336311340332,2190.0895079923866,0.09733731146632829
37,30.0,66.0,13.827085494995117,6.913542747497559,2169.6546253987412,0.09642909446216628
38,30.0,67.0,9.206056594848633,4.603028297424316,3367.3484059772613,0.14965992915454496
39,30.0,67.0,7.097005844116211,3.5485029220581055,4368.0392380824405,0.19413507724810847
40,30.0,68.0,9.580612182617188,4.790306091308594,3235.7013736810673,0.14380894994138077
41,30.0,68.0,10.269880294799805,5.134940147399902,2823.7914335461405,0.12550184149093957
42,30.0,69.0,9.592056274414062,4.796028137207031,3127.587989659972,0.13900391065155432
43,30.0,70.0,9.384632110595703,4.692316055297852,3090.158426909202,0.13734037452929787
44,30.0,70.0,9.758949279785156,4.879474639892578,3176.571484413173,0.14118095486280768
45,30.0,71.0,9.732484817504883,4.866242408752441,3082.460498272948,0.13699824436768657
46,30.0,71.0,9.882688522338867,4.941344261169434,3035.611203589781,0.13491605349287916
47,30.0,72.0,9.584188461303711,4.7920942306518555,3234.4939923878705,0.143755288550572
48,30.0,73.0,9.57345962524414,4.78672981262207,3238.118842456542,0.14391639299806855
49,30.0,74.0,9.725570678710938,4.862785339355469,3187.4736222788783,0.1416654943235057
50,30.0,75.0,13.988494873046875,6.9942474365234375,2144.6195800381784,0.09531642577947459
51,30.0,76.0,11.762619018554688,5.881309509277344,2550.452407977947,0.11335344035457542
52,30.0,77.0,12.608766555786133,6.304383277893066,2458.6068639500804,0.10927141617555913
53,30.0,78.0,7.32421875,3.662109375,4096.0,0.18204444444444445
54,30.0,79.0,9.580373764038086,4.790186882019043,3235.781897817485,0.14381252879188822
55,30.0,79.0,12.370109558105469,6.185054779052734,2506.0408603808496,0.11137959379470443
56,31.0,81.0,9.423017501831055,4.711508750915527,3289.816663714799,0.14621407394287994
57,31.0,83.0,9.688138961791992,4.844069480895996,3199.7889504122063,0.1422128422405425
58,31.0,83.0,9.631872177124023,4.815936088562012,3218.4812495358797,0.14304361109048355
59,31.0,84.0,14.420747756958008,7.210373878479004,2149.680482764322,0.09554135478952541
60,31.0,86.0,9.202718734741211,4.6013593673706055,3368.5697556931527,0.14971421136414012
61,31.0,86.0,14.719247817993164,7.359623908996582,2106.0858804282684,0.09360381690792303
62,31.0,87.0,17.44365692138672,8.72182846069336,1719.8228637034608,0.07643657172015382
63,31.0,88.0,13.796329498291016,6.898164749145508,2246.9744582310855,0.09986553147693714
64,31.0,90.0,10.29062271118164,5.14531135559082,3012.4513229229415,0.13388672546324185
65,31.0,88.0,13.814449310302734,6.907224655151367,2244.0271996134065,0.09973454220504029
66,31.0,91.0,7.557153701782227,3.7785768508911133,4102.073508533931,0.1823143781570636
67,31.0,91.0,9.42087173461914,4.71043586730957,3290.565976615883,0.14624737673848368
68,31.0,92.0,11.238336563110352,5.619168281555176,2758.4153425122513,0.12259623744498895
69,31.0,93.0,7.571220397949219,3.7856101989746094,4094.4521980098248,0.1819756532448811
70,31.0,94.0,9.503841400146484,4.751920700073242,3261.8389443580354,0.14497061974924602
71,31.0,94.0,9.607553482055664,4.803776741027832,3122.543117353649,0.1387796941046066
72,31.0,95.0,9.572744369506836,4.786372184753418,3238.360788025205,0.14392714613445354
73,31.0,98.0,9.598731994628906,4.799365997314453,3125.412816691505,0.13890723629740023
74,31.0,98.0,12.283086776733398,6.141543388366699,2523.795570566199,0.1121686920251644
75,31.0,98.0,10.191202163696289,5.0956010818481445,2943.715522283308,0.13083180099036926
76,31.0,98.0,13.731956481933594,6.865978240966797,2257.5078824918396,0.10033368366630398
77,31.0,98.0,20.97296714782715,10.486483573913574,1478.0931940386736,0.06569303084616326
78,31.0,98.0,11.266469955444336,5.633234977722168,2751.527330441223,0.12229010357516547
79,31.0,98.0,12.376785278320312,6.188392639160156,2504.689166281399,0.11131951850139551
80,31.0,98.0,7.858991622924805,3.9294958114624023,3944.526408397294,0.1753122848176575
81,31.0,98.0,14.056205749511719,7.028102874755859,2205.431576090644,0.09801918115958418
82,31.0,95.0,8.177042007446289,4.0885210037231445,3791.1019622707527,0.16849342054536678
83,31.0,98.0,9.678125381469727,4.839062690734863,3203.0996477225135,0.14235998434322283
84,31.0,98.0,9.687662124633789,4.8438310623168945,3199.946447468806,0.14221984210972471
85,31.0,98.0,9.691238403320312,4.845619201660156,3198.7655973233614,0.1421673598810383
86,31.0,98.0,11.79361343383789,5.896806716918945,2628.5413010957022,0.11682405782647566
87,31.0,98.0,11.20758056640625,5.603790283203125,2676.759700476515,0.11896709779895621
88,31.0,98.0,6.608724594116211,3.3043622970581055,4690.768931058119,0.20847861915813862
89,31.0,98.0,9.699583053588867,4.849791526794434,3196.0136666420863,0.14204505185075939
90,32.0,98.0,9.891510009765625,4.9457550048828125,3134.000771307366,0.13928892316921626
91,32.0,98.0,12.237548828125,6.1187744140625,2533.1870324189526,0.11258609032973123
92,32.0,98.0,11.052370071411133,5.526185035705566,2804.828267575555,0.1246590341144691
93,32.0,98.0,6.812095642089844,3.406047821044922,4403.931121377573,0.19573027206122545
94,32.0,98.0,9.865522384643555,4.932761192321777,3142.2563135890186,0.13965583615951194
95,32.0,98.0,9.828805923461914,4.914402961730957,3153.99451788963,0.140177534128428
96,32.0,98.0,9.87553596496582,4.93776798248291,3139.070133507158,0.1395142281558737
97,32.0,98.0,9.78851318359375,4.894256591796875,3064.816835541699,0.13621408157963108
98,32.0,98.0,9.881258010864258,4.940629005432129,3137.2523585474723,0.13943343815766543
99,32.0,98.0,9.821891784667969,4.910945892333984,3054.4013981939993,0.13575117325306663
100,32.0,98.0,9.814977645874023,4.907488822937012,3158.438166492579,0.1403750296218924
101,32.0,98.0,9.777545928955078,4.888772964477539,2965.979419653743,0.13182130754016635
102,32.0,98.0,9.891271591186523,4.945635795593262,3235.1755489671464,0.14378557995409538
103,32.0,98.0,9.86790657043457,4.933953285217285,3242.8357293000554,0.1441260324133358
104,32.0,98.0,12.09402084350586,6.04701042175293,2645.935575444545,0.11759713668642423
105,32.0,98.0,10.893821716308594,5.446910858154297,2937.4448043421166,0.13055310241520518
106,32.0,98.0,6.540775299072266,3.270387649536133,4739.499307428738,0.21064441366349945
107,32.0,98.0,10.079622268676758,5.039811134338379,3075.5120751235895,0.13668942556104843
108,32.0,98.0,9.785890579223633,4.892945289611816,3270.0140821050068,0.14533395920466696
109,32.0,98.0,13.171911239624023,6.585955619812012,2429.4120585733162,0.10797386926992517
110,32.0,98.0,9.790658950805664,4.895329475402832,3268.4214781444052,0.145263176806418
111,32.0,98.0,6.4945220947265625,3.2472610473632812,4927.229368575624,0.2189879719366944
112,32.0,98.0,9.874582290649414,4.937291145324707,3240.6434072965208,0.14402859587984537
113,32.0,98.0,14.428853988647461,7.2144269943237305,2217.7783506006376,0.09856792669336167
114,32.0,98.0,8.683443069458008,4.341721534729004,3570.0124653359326,0.158667220681597
115,32.0,98.0,11.784553527832031,5.892276763916016,2715.4189528202637,0.12068528679201172
116,32.0,98.0,8.155584335327148,4.077792167663574,3923.691875931827,0.17438630559697008
117,32.0,98.0,9.623050689697266,4.811525344848633,3325.348793419553,0.1477932797075357
118,32.0,98.0,13.139724731445312,6.569862365722656,2435.363042531572,0.10823835744584764
119,32.0,98.0,7.056713104248047,3.5283565521240234,4534.689100614906,0.20154173780510695
120,32.0,98.0,9.788274765014648,4.894137382507324,3269.2175861649007,0.1452985593851067
121,32.0,98.0,14.123201370239258,7.061600685119629,2265.7752418252107,0.10070112185889825
122,32.0,98.0,7.557392120361328,3.778696060180664,4234.264874755505,0.18818954998913356
123,32.0,95.0,7.965564727783203,3.9827823638916016,4017.292068243041,0.17854631414413516
124,32.0,94.0,12.588262557983398,6.294131278991699,2542.050569139567,0.11298002529509187
125,32.0,92.0,8.880138397216797,4.440069198608398,3490.936583794233,0.15515273705752144
126,32.0,91.0,7.739782333374023,3.8698911666870117,4134.4831962541975,0.1837548087224088
127,32.0,90.0,9.885311126708984,4.942655563354492,3237.1262360715837,0.14387227715873704
128,32.0,89.0,9.73653793334961,4.868268966674805,3286.5891571575494,0.1460706292070022
129,32.0,87.0,9.947776794433594,4.973888397216797,3216.7991563608475,0.14296885139381543
130,32.0,86.0,9.725093841552734,4.862546920776367,3187.629909291493,0.14167244041295524
131,32.0,83.0,9.597539901733398,4.798769950866699,3334.187753074152,0.1481861223588512
132,32.0,82.0,9.76705551147461,4.883527755737305,3276.3200703022017,0.14561422534676452
133,32.0,80.0,9.795427322387695,4.897713661193848,3266.83042472922,0.14519246332129865
134,32.0,79.0,13.93437385559082,6.96718692779541,2296.4792197792794,0.10206574310130131
135,32.0,77.0,7.612466812133789,3.8062334060668945,4203.630805850481,0.18682803581557694
136,32.0,75.0,11.190176010131836,5.595088005065918,2859.651177159902,0.12709560787377341
137,32.0,75.0,6.416797637939453,3.2083988189697266,4986.911198632682,0.22164049771700808
138,32.0,73.0,9.817123413085938,4.908561706542969,3259.610646978823,0.14487158431016992
139,32.0,72.0,9.804248809814453,4.902124404907227,3263.891055882496,0.14506182470588871
140,32.0,71.0,9.962797164916992,4.981398582458496,3211.9493622418454,0.14275330498852645
141,32.0,71.0,9.682416915893555,4.841208457946777,3201.6799389328016,0.1422968861747912
142,32.0,70.0,16.89887046813965,8.449435234069824,1893.6176864797753,0.0841607860657678
143,32.0,69.0,17.267942428588867,8.633971214294434,1795.234153009237,0.07978818457818831
144,32.0,69.0,15.593290328979492,7.796645164489746,2052.164701924988,0.09120732008555503
145,32.0,68.0,9.817838668823242,4.908919334411621,3259.373175647782,0.1448610300287903
146,32.0,67.0,9.813308715820312,4.906654357910156,3158.975315840622,0.14039890292624987
147,32.0,67.0,9.77015495300293,4.885077476501465,3275.280704751214,0.1455680313222762
148,32.0,66.0,9.697437286376953,4.848718643188477,3299.840881152579,0.14665959471789242
149,32.0,65.0,9.99593734741211,4.997968673706055,3201.3005772074607,0.14228002565366493
150,32.0,64.0,9.846925735473633,4.923462867736816,3249.745236192828,0.14443312160857014
151,32.0,63.0,9.679555892944336,4.839777946472168,3305.9367964728194,0.14693052428768086
152,32.0,63.0,14.010429382324219,7.005214691162109,2284.012796950514,0.10151167986446728
153,32.0,62.0,9.712696075439453,4.856348037719727,3294.656782365359,0.1464291903273493
154,32.0,62.0,13.422489166259766,6.711244583129883,2384.0585455966466,0.10595815758207318
155,32.0,61.0,6.217718124389648,3.108859062194824,5146.582614364048,0.22873700508284658
156,32.0,61.0,10.010957717895508,5.005478858947754,3196.4973683583794,0.14206654970481686
157,32.0,60.0,14.604568481445312,7.302284240722656,2191.095207000131,0.09738200920000581
158,32.0,60.0,10.294675827026367,5.147337913513184,3011.265290997939,0.13383401293324174
159,32.0,59.0,13.945579528808594,6.972789764404297,2222.926622444095,0.0987967387752931
160,32.0,59.0,9.586572647094727,4.793286323547363,3338.0021388246414,0.1483556506144285
161,32.0,58.0,18.68271827697754,9.34135913848877,1659.2874516660074,0.07374610896293367
162,32.0,58.0,9.665489196777344,4.832744598388672,3103.826344351258,0.13794783752672257
163,32.0,57.0,6.277322769165039,3.1386613845825195,5097.714611265145,0.22656509383400647
164,32.0,57.0,9.611129760742188,4.805564880371094,3329.473308196071,0.14797659147538092
165,32.0,57.0,11.74020767211914,5.87010383605957,2725.675805206937,0.1211411468980861
166,32.0,56.0,12.094974517822266,6.047487258911133,2645.726946579933,0.11758786429244147
167,32.0,56.0,9.75656509399414,4.87828254699707,3279.8428229314304,0.1457707921302858
168,32.0,56.0,14.693737030029297,7.346868515014648,2041.686191789713,0.09074160852398724
169,32.0,54.0,23.296117782592773,11.648058891296387,1373.6194287234805,0.061049752387710245
170,32.0,54.0,9.62972640991211,4.814863204956055,3323.043525625155,0.147690823361118
171,32.0,54.0,9.953498840332031,4.976749420166016,3214.949889815081,0.14288666176955916
172,31.0,54.0,11.27934455871582,5.63967227935791,2837.0442833287534,0.12609085703683348
173,31.0,53.0,11.055946350097656,5.527973175048828,2894.37005089278,0.128638668928568
174,31.0,53.0,6.506681442260742,3.253340721130371,4918.021618848705,0.21857873861549798
175,31.0,53.0,14.419078826904297,7.209539413452148,2219.2818545586824,0.098634749091497
176,31.0,53.0,11.375188827514648,5.687594413757324,2813.1401144390184,0.12502844953062303
177,31.0,53.0,7.067203521728516,3.533601760864258,4527.957897577761,0.2012425732256783
178,31.0,52.0,9.60230827331543,4.801154136657715,3228.3904158907512,0.1434840184840334
179,31.0,52.0,10.073661804199219,5.036830902099609,3176.600586954464,0.14118224830908727
180,31.0,52.0,9.090423583984375,4.5452117919921875,3520.1879983214435,0.15645279992539748
181,31.0,52.0,15.091657638549805,7.545828819274902,2120.3767516074504,0.0942389667381089
182,31.0,52.0,9.636878967285156,4.818439483642578,3320.577140029688,0.14758120622354168
183,31.0,52.0,9.52005386352539,4.760026931762695,3361.325519659404,0.14939224531819573
184,31.0,52.0,9.277105331420898,4.638552665710449,3449.351802832104,0.15330452457031574
185,31.0,52.0,9.741544723510742,4.870772361755371,3182.246848919455,0.1414331932853091
186,31.0,52.0,9.155750274658203,4.577875137329102,3495.071298369877,0.1553365021497723
187,31.0,51.0,14.64390754699707,7.321953773498535,2185.209097865551,0.09712040434958004
188,31.0,51.0,13.843059539794922,6.921529769897461,2239.389342427061,0.09952841521898048
189,31.0,51.0,10.609865188598633,5.304932594299316,3016.0609424507315,0.13404715299781028
190,31.0,51.0,9.30166244506836,4.65083122253418,3332.7375813810427,0.1481216702836019
191,31.0,51.0,9.844064712524414,4.922032356262207,3250.689723655211,0.1444750988291205
192,31.0,51.0,9.476900100708008,4.738450050354004,3271.1118267126217,0.1453827478538943
193,31.0,51.0,13.994932174682617,6.997466087341309,2215.0875483398354,0.09844833548177047
194,31.0,51.0,17.16017723083496,8.58008861541748,1864.7826050712054,0.08287922689205357
195,31.0,51.0,10.504007339477539,5.2520036697387695,3046.456363347482,0.1353980605932214
196,31.0,51.0,6.8359375,3.41796875,4534.857142857143,0.20154920634920637
197,31.0,51.0,9.515047073364258,4.757523536682129,3363.094239394623,0.14947085508420546
198,31.0,50.0,9.743928909301758,4.871964454650879,3284.0962098412,0.1459598315484978
199,31.0,50.0,14.038324356079102,7.019162178039551,2279.4743295800004,0.10130997020355557
200,31.0,50.0,14.833450317382812,7.416725158691406,2089.8711585444257,0.09288316260197448
201,31.0,50.0,10.347127914428711,5.1735639572143555,3092.6456369962443,0.13745091719983307
202,31.0,50.0,9.587287902832031,4.793643951416016,3233.4483238834177,0.14370881439481856
203,31.0,50.0,9.31406021118164,4.65703010559082,3435.6660011262993,0.15269626671672443
204,31.0,49.0,10.619163513183594,5.309581756591797,3013.4200269420744,0.1339297789752033
205,31.0,49.0,7.420539855957031,3.7102699279785156,4177.593625498008,0.18567082779991145
206,31.0,49.0,9.357213973999023,4.678606986999512,3419.8213366626746,0.15199205940722998
207,31.0,49.0,13.180017471313477,6.590008735656738,2352.0454405672835,0.10453535291410149
208,31.0,49.0,8.753538131713867,4.376769065856934,3655.6646602206183,0.16247398489869413
209,31.0,49.0,7.35926628112793,3.679633140563965,4348.259565231477,0.19325598067695451
210,31.0,49.0,9.933948516845703,4.966974258422852,3221.2770124321987,0.14316786721920882
211,31.0,49.0,9.548425674438477,4.774212837219238,3351.337811181303,0.14894834716361346
212,31.0,49.0,9.719133377075195,4.859566688537598,3292.474622838219,0.1463322054594764
213,31.0,49.0,9.463787078857422,4.731893539428711,3381.3102232075375,0.15028045436477944
214,31.0,49.0,9.872674942016602,4.936337471008301,3139.979811152165,0.13955465827342955
215,31.0,49.0,9.634971618652344,4.817485809326172,3321.234484806493,0.14761042154695525
216,31.0,49.0,9.708166122436523,4.854083061218262,3193.1880448930474,0.1419194686619132
217,31.0,49.0,14.447689056396484,7.223844528198242,2145.6718703587576,0.095363194238167
218,31.0,49.0,16.737937927246094,8.368968963623047,1852.079995441855,0.08231466646408245
219,31.0,49.0,10.206222534179688,5.103111267089844,3135.3421790319567,0.13934854129030919
220,31.0,49.0,7.527589797973633,3.7637948989868164,4251.028663731669,0.1889346072769631
221,31.0,49.0,9.70602035522461,4.853010177612305,3296.9228199459594,0.1465299031087093
222,31.0,49.0,12.95161247253418,6.47580623626709,2470.734826868914,0.1098104367497295
223,31.0,48.0,6.3323974609375,3.16619873046875,5053.3783132530125,0.22459459170013388
224,31.0,48.0,9.750127792358398,4.875063896179199,3282.0082650690792,0.1458670340030702
225,31.0,48.0,12.933015823364258,6.466507911682129,2474.287547239377,0.1099683354328612
226,31.0,48.0,9.270668029785156,4.635334014892578,3451.746939615266,0.15341097509401183
227,31.0,48.0,6.756067276000977,3.3780336380004883,4736.483325687264,0.2105103700305451
228,31.0,48.0,9.602069854736328,4.801034927368164,3124.326364403834,0.13885894952905928
229,31.0,48.0,12.413978576660156,6.206989288330078,2577.739264039333,0.11456618951285925
230,31.0,48.0,8.60142707824707,4.300713539123535,3720.3128863264683,0.1653472393922875
231,31.0,48.0,7.801055908203125,3.9005279541015625,4102.00880195599,0.1823115023091551
232,31.0,48.0,9.438276290893555,4.719138145446777,3284.4980422866092,0.14597769076829376
233,31.0,48.0,13.92221450805664,6.96110725402832,2298.4849128335104,0.10215488501482269
234,31.0,48.0,7.681608200073242,3.840804100036621,4165.794344951737,0.1851464153311883
235,31.0,48.0,7.819414138793945,3.9097070693969727,3964.4913864072932,0.17619961717365748
236,31.0,47.0,14.23192024230957,7.115960121154785,2248.46678840065,0.09993185726225111
237,31.0,47.0,7.584095001220703,3.7920475006103516,4219.356428795976,0.18752695239093228
238,31.0,47.0,14.294862747192383,7.147431373596191,2238.566439281485,0.09949184174584379
239,31.0,47.0,10.911226272583008,5.455613136291504,2841.110542991369,0.1262715796885053
240,31.0,47.0,6.033182144165039,3.0165910720825195,5304.000316143055,0.2357333473841358
241,31.0,47.0,19.495487213134766,9.747743606567383,1641.4055032407973,0.07295135569959099
242,31.0,47.0,15.190601348876953,7.595300674438477,2106.5657155413255,0.0936251429129478
243,31.0,47.0,12.593269348144531,6.296634674072266,2541.039909125331,0.11293510707223695
244,31.0,47.0,6.812572479248047,3.4062862396240234,4697.197732204102,0.20876434365351565
245,31.0,47.0,9.543895721435547,4.771947860717773,3352.928503622283,0.1490190446054348
246,31.0,47.0,9.681224822998047,4.840612411499023,3305.3668915923754,0.14690519518188336
247,31.0,47.0,17.266511917114258,8.633255958557129,1853.2984631529528,0.08236882058457567
248,31.0,47.0,7.05409049987793,3.527045249938965,4536.375029573799,0.20161666798105773
249,31.0,47.0,11.54184341430664,5.77092170715332,2772.5207188597396,0.12322314306043287
250,31.0,47.0,10.504484176635742,5.252242088317871,2951.120633695726,0.1311609170531434
251,31.0,47.0,6.682872772216797,3.3414363861083984,4788.359900107028,0.21281599556031236
252,31.0,47.0,9.600162506103516,4.800081253051758,3333.2769085580885,0.1481456403803595
253,31.0,47.0,9.613990783691406,4.806995391845703,3328.482491816288,0.147932555191835
254,31.0,47.0,9.521961212158203,4.760980606079102,3360.6522109269367,0.14936232048564163
255,31.0,47.0,9.618282318115234,4.809141159057617,3326.9973724654205,0.147866549887352
256,31.0,47.0,13.973474502563477,6.986737251281738,2290.053200020475,0.10178014222313221
257,31.0,47.0,14.748811721801758,7.374405860900879,2169.6663164190686,0.09642961406306971
258,31.0,47.0,12.28785514831543,6.143927574157715,2604.197365102156,0.11574210511565138
259,31.0,47.0,7.6999664306640625,3.8499832153320312,4155.862273965816,0.18470498995403625
260,31.0,47.0,9.418725967407227,4.709362983703613,3397.487102898367,0.15099942679548298
261,31.0,47.0,9.535551071166992,4.767775535583496,3355.8626828353545,0.1491494525704602
262,31.0,47.0,10.04171371459961,5.020856857299805,3186.707061114013,0.14163142493840059
263,31.0,47.0,11.705875396728516,5.852937698364258,2733.669966190069,0.12149644294178084
264,31.0,47.0,12.145757675170898,6.072878837585449,2552.331507763579,0.1134369559006035
265,31.0,47.0,9.520769119262695,4.760384559631348,3361.072997270428,0.14938102210090792
266,31.0,47.0,12.774467468261719,6.387233734130859,2504.9967898469577,0.11133319065986479
267,31.0,47.0,13.831615447998047,6.915807723999023,2241.242182921364,0.09961076368539395
268,31.0,47.0,9.529590606689453,4.764795303344727,3357.9616712534403,0.14924274094459736
269,31.0,47.0,14.540910720825195,7.270455360412598,2200.6874682319763,0.09780833192142116
270,31.0,47.0,12.362241744995117,6.181120872497559,2588.52728009103,0.11504565689293468
271,31.0,47.0,10.342121124267578,5.171060562133789,3094.1428373830054,0.13751745943924468
272,31.0,47.0,14.711380004882812,7.355690002441406,2175.186827434202,0.09667497010818675
273,31.0,47.0,11.094331741333008,5.547165870666504,2884.355790514259,0.1281935906895226
274,31.0,47.0,12.907028198242188,6.453514099121094,2479.269395596276,0.11018975091539004
275,31.0,47.0,10.259151458740234,5.129575729370117,3021.692400650709,0.13429744002892038
276,31.0,47.0,9.545326232910156,4.772663116455078,3352.4260165850733,0.14899671184822547
277,31.0,47.0,9.634017944335938,4.817008972167969,3321.5632548010294,0.14762503354671241
278,31.0,47.0,9.558439254760742,4.779219627380371,3243.2073033847996,0.1441425468171022
279,31.0,47.0,11.65771484375,5.828857421875,2744.9633507853405,0.12199837114601514
280,31.0,47.0,10.289192199707031,5.144596099853516,3012.8701455185837,0.13390533980082595
281,31.0,47.0,12.868881225585938,6.434440612792969,2486.6186453238474,0.11051638423661544
282,31.0,47.0,9.532928466796875,4.7664642333984375,3356.7859143657465,0.14919048508292207
283,31.0,47.0,10.573387145996094,5.286693572998047,2931.8892396500405,0.1303061884288907
284,31.0,47.0,10.313987731933594,5.156993865966797,3102.582709200185,0.13789256485334156
285,31.0,47.0,13.82136344909668,6.91068172454834,2315.256386814097,0.1029002838584043
286,31.0,47.0,8.21685791015625,4.108428955078125,3894.4326833797586,0.17308589703910038
287,30.0,47.0,7.3986053466796875,3.6993026733398438,4325.139468935293,0.19222842084156858
288,30.0,47.0,16.15595817565918,8.07797908782959,1980.6934167613595,0.08803081852272708
289,30.0,47.0,9.397506713867188,4.698753356933594,3405.15851430891,0.15134037841372933
290,30.0,47.0,9.000301361083984,4.500150680541992,3555.436503311258,0.15801940014716703
291,30.0,47.0,9.545326232910156,4.772663116455078,3352.4260165850733,0.14899671184822547
292,30.0,47.0,13.930797576904297,6.965398788452148,2225.285367105939,0.09890157187137506
293,30.0,47.0,9.578943252563477,4.789471626281738,3340.6607760659085,0.14847381226959594
294,30.0,47.0,14.637947082519531,7.318973541259766,2186.0988989510715,0.09715995106449207
295,30.0,47.0,12.41755485534668,6.20877742767334,2576.9968703799705,0.11453319423910979
296,30.0,47.0,13.801097869873047,6.900548934936523,2318.656117195868,0.10305138298648302
297,30.0,47.0,6.195545196533203,3.0977725982666016,5003.595166628184,0.22238200740569708
298,30.0,47.0,12.96544075012207,6.482720375061035,2468.0996671631638,0.10969331854058506
299,30.0,47.0,9.465456008911133,4.732728004455566,3380.714037429788,0.15025395721910167
300,30.0,47.0,6.138086318969727,3.0690431594848633,5213.351252670422,0.2317045001186854
301,30.0,47.0,13.855457305908203,6.927728652954102,2309.5592800357917,0.10264707911270185
302,30.0,47.0,14.680862426757812,7.340431213378906,2179.708457840717,0.09687593145958742
303,30.0,47.0,10.334968566894531,5.167484283447266,3096.284211497647,0.13761263162211765
304,30.0,47.0,9.830236434936523,4.915118217468262,3255.2624966651306,0.14467833318511691
305,30.0,47.0,9.619951248168945,4.809975624084473,3326.420183895512,0.14784089706202275
306,30.0,47.0,9.56106185913086,4.78053092956543,3346.9085831130615,0.14875149258280274
307,30.0,47.0,9.626388549804688,4.813194274902344,3324.195759857341,0.14774203377143738
308,30.0,47.0,13.880014419555664,6.940007209777832,2305.4731092292627,0.10246547152130056
309,30.0,47.0,14.618635177612305,7.309317588806152,2188.9868384571473,0.09728830393142877
310,30.0,47.0,10.547399520874023,5.273699760437012,2939.1130902597256,0.1306272484559878
311,30.0,47.0,11.572122573852539,5.7860612869262695,2765.2662504893174,0.12290072224396967
312,30.0,47.0,10.251522064208984,5.125761032104492,3121.487697102191,0.13873278653787516
313,30.0,47.0,12.91513442993164,6.45756721496582,2477.713273029352,0.11012058991241565
314,30.0,47.0,8.45956802368164,4.22978401184082,3782.699058677639,0.16811995816345063
315,30.0,47.0,7.574558258056641,3.7872791290283203,4224.668807050677,0.18776305809114122
316,30.0,47.0,9.676218032836914,4.838109016418457,3307.0771960083775,0.14698120871148346
317,30.0,47.0,13.844013214111328,6.922006607055664,2239.2350773258017,0.09952155899225786
318,30.0,47.0,15.320062637329102,7.660031318664551,2023.4904212770593,0.08993290761231375
319,30.0,47.0,11.443853378295898,5.721926689147949,2796.2609221025436,0.1242782632045575
320,30.0,47.0,7.788658142089844,3.894329071044922,4108.538263744337,0.18260170061085942
321,30.0,47.0,7.339239120483398,3.669619560241699,4223.8710976837865,0.18772760434150162
322,30.0,47.0,12.37940788269043,6.189703941345215,2504.1585424571,0.11129593522031556
323,30.0,47.0,6.817102432250977,3.4085512161254883,4694.076452278529,0.20862562010126798
324,30.0,47.0,9.576082229614258,4.788041114807129,3341.658857213992,0.148518171431733
325,30.0,47.0,13.931989669799805,6.965994834899902,2296.8722169932403,0.10208320964414401
326,30.0,47.0,14.54615592956543,7.273077964782715,2062.400550720362,0.09166224669868275
327,30.0,47.0,10.33926010131836,5.16963005065918,3094.999031499331,0.1375555125110814
328,30.0,47.0,12.880563735961914,6.440281867980957,2406.726959740861,0.10696564265514936
329,30.0,47.0,8.149147033691406,4.074573516845703,3926.791339964892,0.1745240595539952
330,30.0,47.0,7.831573486328125,3.9157867431640625,4086.02435460302,0.1816010824268009
331,30.0,47.0,9.391069412231445,4.695534706115723,3407.4926502322983,0.15144411778810216
332,30.0,47.0,10.056734085083008,5.028367042541504,3181.9475119129465,0.14141988941835318
333,30.0,47.0,9.455680847167969,4.727840423583984,3384.2089762985374,0.15040928783549054
334,30.0,47.0,11.995077133178711,5.9975385665893555,2667.7610860448012,0.11856715937976894
335,30.0,47.0,10.439395904541016,5.219697952270508,3065.311469419449,0.13623606530753107
336,30.0,47.0,13.17286491394043,6.586432456970215,2429.2361767207835,0.10796605229870149
337,30.0,47.0,6.397485733032227,3.1987428665161133,4845.653635448887,0.21536238379772832
338,30.0,47.0,9.838581085205078,4.919290542602539,3150.860853971793,0.14003826017652413
339,30.0,47.0,9.33218002319336,4.66609001159668,3428.995145879107,0.15239978426129364
340,30.0,47.0,8.830785751342773,4.415392875671387,3623.6866006101677,0.16105273780489635
341,30.0,47.0,8.83793830871582,4.41896915435791,3620.7539453451673,0.16092239757089633
342,30.0,47.0,8.852243423461914,4.426121711730957,3614.902852217943,0.16066234898746412
343,30.0,47.0,11.495828628540039,5.7479143142700195,2696.630317108074,0.1198502363159144
344,30.0,47.0,9.421110153198242,4.710555076599121,3290.4827027710994,0.14624367567871552
345,30.0,47.0,5.92041015625,2.960205078125,5405.030927835051,0.24022359679266894
346,30.0,47.0,8.838653564453125,4.4193267822265625,3620.460940871817,0.16090937514985854
347,30.0,47.0,8.935213088989258,4.467606544494629,3581.335966059183,0.15917048738040815
348,30.0,47.0,8.599281311035156,4.299640655517578,3721.241211045802,0.1653884982687023
349,30.0,47.0,13.780593872070312,6.890296936035156,2322.106020761246,0.10320471203383315
350,30.0,47.0,7.388830184936523,3.6944150924682617,4330.861475912362,0.19248273226277166
351,30.0,47.0,10.638952255249023,5.319476127624512,2725.83232861977,0.12114810349421201
352,30.0,47.0,6.997823715209961,3.4989118576049805,4572.850260638479,0.2032377893617102
353,30.0,47.0,8.743047714233398,4.371523857116699,3660.0509394344303,0.16266893064153023
354,30.0,47.0,13.13471794128418,6.56735897064209,2436.291372456481,0.10827961655362138
355,30.0,47.0,9.244203567504883,4.622101783752441,3461.628659118459,0.15385016262748707
356,30.0,47.0,16.321659088134766,8.160829544067383,1960.5850010225247,0.08713711115655666
357,30.0,47.0,13.80467414855957,6.902337074279785,2318.055439457004,0.10302468619808906
358,30.0,47.0,6.291866302490234,3.145933151245117,5085.93133762789,0.22604139278346178
359,30.0,47.0,8.823394775390625,4.4116973876953125,3513.386943363597,0.15615053081615987
360,30.0,47.0,13.889074325561523,6.944537162780762,2303.969238691958,0.10239863283075368
361,30.0,47.0,9.391546249389648,4.695773124694824,3407.3196415424845,0.15143642851299932
362,30.0,47.0,8.945703506469727,4.472851753234863,3577.136217051784,0.1589838318689682
363,30.0,47.0,14.575004577636719,7.287502288818359,2195.539619184715,0.09757953863043177
364,30.0,47.0,6.682872772216797,3.3414363861083984,4788.359900107028,0.21281599556031236
365,30.0,47.0,8.82863998413086,4.41431999206543,3511.2995949230353,0.15605775977435712
366,30.0,47.0,8.729934692382812,4.364967346191406,3665.548612628359,0.16291327167237152
367,30.0,47.0,8.712053298950195,4.356026649475098,3673.072110779672,0.16324764936798541
368,30.0,47.0,8.704662322998047,4.352331161499023,3561.3098877019993,0.15828043945342218
369,30.0,47.0,11.123895645141602,5.561947822570801,2876.6900572261397,0.12785289143227288
370,30.0,47.0,12.233972549438477,6.116986274719238,2615.6671408804787,0.11625187292802128
371,30.0,47.0,12.896537780761719,6.448268890380859,2403.7459143681135,0.10683315174969393
372,30.0,47.0,13.628482818603516,6.814241409301758,2348.0236520765543,0.10435660675895797
373,30.0,47.0,9.361028671264648,4.680514335632324,3418.427730942618,0.15193012137522746
374,30.0,47.0,13.242959976196289,6.6214799880981445,2416.378215861014,0.10739458737160061
375,30.0,47.0,8.707284927368164,4.353642463684082,3675.0835957394374,0.16333704869953056
376,30.0,47.0,8.823871612548828,4.411935806274414,3626.526019994596,0.16117893422198204
377,30.0,47.0,8.83340835571289,4.416704177856445,3509.4041565452094,0.15597351806867596
378,30.0,47.0,8.734464645385742,4.367232322692871,3663.647550156954,0.16282878000697573
379,30.0,47.0,8.843660354614258,4.421830177307129,3505.335885477044,0.15579270602120196
380,30.0,47.0,14.006614685058594,7.003307342529297,2213.240008170491,0.09836622258535516
381,30.0,47.0,9.500980377197266,4.750490188598633,3368.0734755332496,0.14969215446814443
382,30.0,47.0,8.819103240966797,4.409551620483398,3628.486834279535,0.1612660815235349
383,30.0,47.0,8.834362030029297,4.417181015014648,3395.8309494251635,0.1509258199744517
384,30.0,47.0,15.471935272216797,7.735967636108398,2068.2609794434,0.09192271019748445
385,30.0,47.0,17.89116859436035,8.945584297180176,1732.6984448501487,0.07700881977111772
386,30.0,47.0,6.09278678894043,3.046393394470215,5087.983721385248,0.22613260983934436
387,30.0,47.0,8.723020553588867,4.361510276794434,3668.454041052833,0.16304240182457036
388,30.0,47.0,8.768320083618164,4.384160041809082,3535.4548766892353,0.1571313278528549
389,30.0,47.0,15.970945358276367,7.985472679138184,1941.0247361428337,0.08626776605079262
390,30.0,47.0,13.742208480834961,6.8711042404174805,2328.592237894481,0.10349298835086583
391,30.0,47.0,9.572744369506836,4.786372184753418,3342.824039251824,0.14856995730008107
392,30.0,47.0,6.295204162597656,3.147602081298828,5083.234661414937,0.22592154050733054
393,30.0,47.0,14.419317245483398,7.209658622741699,2219.245159476843,0.0986331181989708
394,30.0,47.0,9.898900985717773,4.949450492858887,3232.682097353019,0.1436747598823564
395,30.0,47.0,14.238595962524414,7.119297981262207,2177.1809581219336,0.0967635981387526
396,30.0,47.0,9.620189666748047,4.810094833374023,3326.337744733581,0.14783723309927027
397,30.0,47.0,8.793354034423828,4.396677017211914,3639.1119787430184,0.16173831016635637
398,30.0,47.0,8.749723434448242,4.374861717224121,3542.969127224175,0.15746529454329666
399,30.0,47.0,9.221553802490234,4.610776901245117,3470.131030560008,0.15422804580266702
400,30.0,47.0,13.34834098815918,6.67417049407959,2397.301659313769,0.1065467404139453
401,30.0,47.0,8.715152740478516,4.357576370239258,3671.765825901406,0.16318959226228472
402,30.0,47.0,8.727073669433594,4.363536834716797,3552.1643536225547,0.15787397127211356
403,30.0,47.0,14.308452606201172,7.154226303100586,2236.440297263972,0.09939734654506542
404,30.0,47.0,9.308099746704102,4.654049873352051,3437.8660382674625,0.15279404614522055
405,30.0,47.0,8.773326873779297,4.386663436889648,3647.4190988640685,0.16210751550506972
406,30.0,47.0,9.176969528198242,4.588484764099121,3486.989893741394,0.15497732861072863
407,30.0,47.0,8.694887161254883,4.347443580627441,3680.3237818421126,0.16356994585964946
408,30.0,47.0,9.097576141357422,4.548788070678711,3517.4204098747314,0.1563297959944325
409,30.0,47.0,9.08970832824707,4.544854164123535,3520.4649967213113,0.15646511096539162
410,30.0,47.0,13.799428939819336,6.899714469909668,2318.936540023152,0.1030638462232512
411,30.0,47.0,8.146047592163086,4.073023796081543,3928.285421605643,0.174590463182473
412,30.0,47.0,17.006874084472656,8.503437042236328,1881.5921045253183,0.08362631575668081
413,30.0,47.0,8.420228958129883,4.210114479064941,3681.610102783362,0.16362711567926053
414,30.0,47.0,9.829998016357422,4.914999008178711,3255.341450400194,0.14468184224000863
415,30.0,47.0,11.313915252685547,5.656957626342773,2828.3754372655626,0.12570557498958057
416,30.0,47.0,6.913900375366211,3.4569501876831055,4483.720955895031,0.19927648692866803
417,30.0,47.0,8.672952651977539,4.3364763259887695,3689.6315803942052,0.16398362579529802
418,30.0,47.0,9.18722152709961,4.593610763549805,3483.0987699174757,0.15480438977411004
419,30.0,47.0,8.910655975341797,4.455327987670898,3478.9806817573713,0.15462136363366094
420,30.0,47.0,16.199588775634766,8.099794387817383,1975.3587849174344,0.0877937237741082
421,30.0,47.0,10.737180709838867,5.368590354919434,2980.2981680914845,0.13245769635962154
422,30.0,47.0,9.493589401245117,4.746794700622559,3265.3613601547,0.1451271715624311
423,30.0,47.0,10.651826858520508,5.325913429260254,3004.179510710209,0.13351908936489817
424,30.0,47.0,6.9561004638671875,3.4780502319335938,4600.27858513847,0.2044568260061542
425,30.0,47.0,11.657953262329102,5.828976631164551,2659.1288627114136,0.11818350500939616
426,30.0,47.0,12.412548065185547,6.206274032592773,2578.0363412853903,0.11457939294601735
427,30.0,47.0,14.745950698852539,7.3729753494262695,2170.0872770780447,0.09644832342569087
428,30.0,47.0,13.772726058959961,6.8863630294799805,2323.4325479945296,0.10326366879975687
429,30.0,47.0,14.389753341674805,7.194876670837402,2223.8046226493248,0.09883576100663666
430,30.0,47.0,8.982658386230469,4.491329193115234,3562.4197897866015,0.15832976843496008
431,30.0,47.0,8.790254592895508,4.395127296447754,3640.395128698907,0.16179533905328475
432,30.0,47.0,8.896112442016602,4.448056221008301,3597.0768364913033,0.1598700816218357
433,30.0,47.0,10.751724243164062,5.375862121582031,2976.2668085861274,0.1322785248260501
434,30.0,47.0,7.31205940246582,3.65602970123291,4239.571684763116,0.18842540821169404
435,30.0,47.0,8.843421936035156,4.421710968017578,3505.430389302275,0.15579690619121223
436,30.0,47.0,8.774280548095703,4.387140274047852,3647.022661811858,0.16208989608052704
437,30.0,47.0,11.130332946777344,5.565166473388672,2875.0263045154657,0.12777894686735403
438,30.0,47.0,6.796121597290039,3.3980607986450195,4561.425153481845,0.20273000682141534
439,30.0,47.0,13.318777084350586,6.659388542175293,2327.541019995346,0.1034462675553487
440,30.0,47.0,9.158849716186523,4.579424858093262,3493.8885331250813,0.15528393480555916
441,30.0,47.0,8.234500885009766,4.117250442504883,3886.0885980658986,0.17271504880292882
442,30.0,47.0,8.855581283569336,4.427790641784668,3613.5403171526264,0.16060179187345006
443,30.0,47.0,8.802175521850586,4.401087760925293,3635.464882580785,0.16157621700359043
444,30.0,47.0,21.079301834106445,10.539650917053223,1518.076843903046,0.06747008195124649
445,30.0,47.0,12.169361114501953,6.084680557250977,2629.554641275812,0.11686909516781388
446,30.0,47.0,12.193679809570312,6.096839904785156,2624.310339433756,0.1166360150859447
447,30.0,47.0,5.8994293212890625,2.9497146606445312,5424.253475590042,0.24107793224844634
448,30.0,47.0,9.785890579223633,4.892945289611816,3167.826142039225,0.1407922729795211
449,30.0,47.0,9.382486343383789,4.6912431716918945,3304.0282570579116,0.14684570031368496
450,30.0,47.0,9.516716003417969,4.758358001708984,3362.5044593646658,0.14944464263842958
451,30.0,47.0,9.57036018371582,4.78518009185791,3343.6568097456466,0.14860696932202874
452,30.0,47.0,9.337663650512695,4.668831825256348,3426.981437507979,0.15231028611146574
453,30.0,47.0,9.543657302856445,4.771828651428223,3353.0122661070723,0.14902276738253656
454,30.0,47.0,9.43899154663086,4.71949577331543,3390.192674917909,0.1506752299963515
455,30.0,47.0,9.482145309448242,4.741072654724121,3374.763722310226,0.1499894987693434
456,30.0,47.0,12.333154678344727,6.166577339172363,2513.549923640511,0.11171332993957828
457,30.0,47.0,11.509180068969727,5.754590034484863,2780.389203074182,0.12357285346996365
458,30.0,47.0,17.3037052154541,8.65185260772705,1849.3149069264368,0.08219177364117497
459,30.0,47.0,7.264375686645508,3.632187843322754,4405.058518494207,0.19578037859974254
460,30.0,47.0,9.247779846191406,4.623889923095703,3460.289986593792,0.1537906660708352
461,30.0,47.0,12.808799743652344,6.404399871826172,2498.282480827935,0.111034776925686
462,30.0,47.0,6.59632682800293,3.298163414001465,4851.184732714064,0.2156082103428473
463,30.0,47.0,9.654045104980469,4.827022552490234,3314.6727254766374,0.14731878779896165
464,30.0,47.0,12.324094772338867,6.162047386169434,2596.539591031321,0.11540175960139204
465,30.0,47.0,13.080596923828125,6.5402984619140625,2446.371536891222,0.1087276238618321
466,30.0,47.0,10.199546813964844,5.099773406982422,3137.394296400187,0.13943974650667498
467,30.0,47.0,9.247064590454102,4.623532295227051,3460.557638262215,0.15380256170054288
468,30.0,47.0,11.460542678833008,5.730271339416504,2704.9329921571075,0.12021924409587144
469,30.0,47.0,14.587640762329102,7.293820381164551,2193.637787039307,0.09749501275730253
470,30.0,47.0,10.126829147338867,5.063414573669434,2962.427781047675,0.13166345693545223
471,30.0,47.0,14.055490493774414,7.027745246887207,2134.3972316930435,0.09486209918635749
472,30.0,47.0,7.690191268920898,3.845095634460449,4031.1090993644398,0.17916040441619732
473,30.0,47.0,11.335372924804688,5.667686462402344,2823.0213696786136,0.1254676164301606
474,30.0,47.0,7.750034332275391,3.8750171661376953,4129.01396665231,0.18351173185121378
475,30.0,47.0,11.372804641723633,5.686402320861816,2725.8008008217857,0.12114670225874603
476,30.0,47.0,7.583141326904297,3.7915706634521484,4219.887065333585,0.18755053623704823
477,30.0,47.0,9.469270706176758,4.734635353088379,3379.352116222273,0.15019342738765656
478,30.0,47.0,17.374515533447266,8.687257766723633,1841.7779729395943,0.0818567987973153
479,30.0,47.0,13.575077056884766,6.787538528442383,2357.2610207594225,0.10476715647819655
480,30.0,47.0,7.8144073486328125,3.9072036743164062,4095.000244081035,0.18200001084804598
481,30.0,47.0,9.449005126953125,4.7245025634765625,3386.5999192571658,0.15051555196698516
482,30.0,47.0,9.397745132446289,4.6988725662231445,3298.6636222949487,0.14660727210199773
483,30.0,47.0,9.464025497436523,4.732012748718262,3381.225040937146,0.15027666848609536
484,30.0,47.0,9.676218032836914,4.838109016418457,3307.0771960083775,0.14698120871148346
485,30.0,47.0,9.618997573852539,4.8094987869262695,3326.7499814103357,0.14785555472934825
486,30.0,47.0,9.472846984863281,4.736423492431641,3378.0763112856134,0.15013672494602726
487,30.0,47.0,9.439945220947266,4.719972610473633,3389.850179320099,0.15066000796978218
488,30.0,47.0,12.23897933959961,6.119489669799805,2614.5971091284528,0.11620431596126457
489,30.0,47.0,9.485483169555664,4.742741584777832,3373.576171924092,0.14993671875218187
490,30.0,47.0,6.455183029174805,3.2275915145874023,4957.256805170822,0.22032252467425875
491,30.0,47.0,9.49549674987793,4.747748374938965,3370.018530142868,0.14977860133968302
492,30.0,47.0,9.693145751953125,4.8465728759765625,3301.301849665486,0.14672452665179936
493,30.0,47.0,9.402275085449219,4.701137542724609,3297.074348311188,0.14653663770271946
494,30.0,47.0,9.512662887573242,4.756331443786621,3363.9371412817363,0.1495083173902994
495,30.0,47.0,12.462615966796875,6.2313079833984375,2567.679216406489,0.11411907628473285
496,30.0,47.0,8.444070816040039,4.2220354080200195,3789.6413586695653,0.16842850482975846
497,30.0,47.0,7.608890533447266,3.804445266723633,4074.1813624114807,0.18107472721828802
498,30.0,47.0,9.671211242675781,4.835605621337891,3308.789271275022,0.14705730094555655
499,30.0,47.0,9.406089782714844,4.703044891357422,3402.051302849032,0.15120228012662362
500,30.0,47.0,9.492635726928711,4.7463178634643555,3371.0342333291474,0.14982374370351767
501,30.0,47.0,14.459609985351562,7.229804992675781,2213.061073736974,0.09835826994386551
502,30.0,47.0,8.861064910888672,4.430532455444336,3611.30409514072,0.16050240422847645
503,30.0,47.0,17.017841339111328,8.508920669555664,1880.379500686486,0.0835724222527327
504,30.0,47.0,7.617712020874023,3.8088560104370117,4200.736377578167,0.18669939455902965
505,30.0,47.0,9.71078872680664,4.85539436340332,3295.303903756445,0.1464579512780642
506,30.0,47.0,12.760639190673828,6.380319595336914,2507.711371024999,0.11145383871222218
507,30.0,47.0,12.996196746826172,6.498098373413086,2462.258814896349,0.10943372510650441
508,30.0,47.0,11.99483871459961,5.997419357299805,2667.8141125024845,0.11856951611122153
509,30.0,47.0,10.226726531982422,5.113363265991211,3129.05599850795,0.13906915548924223
510,30.0,47.0,9.48190689086914,4.74095344543457,3374.8485793311543,0.14999327019249575
511,30.0,47.0,9.842157363891602,4.921078681945801,3251.319687023086,0.14450309720102603
512,30.0,47.0,9.638547897338867,4.819273948669434,3320.002176763054,0.14755565230058018
513,30.0,47.0,12.720823287963867,6.360411643981934,2436.94918939181,0.1083088528618582
514,30.0,47.0,8.899211883544922,4.449605941772461,3595.824036864384,0.15981440163841706
515,30.0,47.0,9.355783462524414,4.677891731262207,3420.344231798374,0.15201529919103884
516,30.0,47.0,9.258031845092773,4.629015922546387,3456.4581906208955,0.15362036402759535
517,30.0,47.0,9.644031524658203,4.822015762329102,3318.114412855377,0.1474717516824612
518,30.0,47.0,9.344816207885742,4.672408103942871,3424.3584130628906,0.15219370724723957
519,30.0,47.0,11.946439743041992,5.973219871520996,2678.622308260323,0.11904988036712547
520,30.0,47.0,14.079809188842773,7.039904594421387,2272.758072982813,0.10101146991034723
521,30.0,47.0,12.007951736450195,6.003975868225098,2664.900784274794,0.11844003485665752
522,30.0,47.0,10.063409805297852,5.031704902648926,3080.466819872539,0.13690963643877951
523,30.0,47.0,9.611129760742188,4.805564880371094,3329.473308196071,0.14797659147538092
524,30.0,47.0,9.43756103515625,4.718780517578125,3284.74696847211,0.145988754154316
525,30.0,47.0,14.194965362548828,7.097482681274414,2254.320400416541,0.10019201779629071
526,30.0,47.0,17.589807510375977,8.794903755187988,1819.2353714572291,0.08085490539809907
527,30.0,47.0,7.416486740112305,3.7082433700561523,4179.876683704632,0.1857722970535392
528,30.0,47.0,9.660959243774414,4.830479621887207,3312.3004861676663,0.14721335494078516
529,30.0,47.0,14.109373092651367,7.054686546325684,2267.995876915798,0.10079981675181324
530,30.0,47.0,14.389514923095703,7.194757461547852,2223.841468668191,0.09883739860747515
531,30.0,47.0,10.194778442382812,5.097389221191406,3138.8617399438726,0.13950496621972766
532,30.0,47.0,9.357213973999023,4.678606986999512,3312.951919891966,0.14724230755075404
533,30.0,47.0,9.385824203491211,4.6929121017456055,3409.3969060380523,0.151528751379469
534,30.0,47.0,9.387493133544922,4.693746566772461,3408.7907756387463,0.15150181225061093
535,30.0,47.0,9.492158889770508,4.746079444885254,3371.2035767211714,0.14983127007649652
536,30.0,47.0,9.370803833007812,4.685401916503906,3414.861795237126,0.15177163534387228
537,30.0,47.0,12.223958969116211,6.1119794845581055,2536.0032767061302,0.11271125674249467
538,30.0,47.0,13.394594192504883,6.697297096252441,2389.023477688186,0.10617882123058606
539,30.0,47.0,6.953001022338867,3.4765005111694336,4602.329252820355,0.20454796679201576
540,30.0,47.0,9.415388107299805,4.707694053649902,3292.4824390367426,0.14633255284607743
541,30.0,47.0,11.521339416503906,5.760669708251953,2777.454846453108,0.12344243762013814
542,30.0,47.0,8.831262588500977,4.415631294250488,3623.490942469156,0.16104404188751803
543,30.0,47.0,9.510278701782227,4.755139350891113,3364.7804657925744,0.14954579847966998
544,30.0,47.0,14.010906219482422,7.005453109741211,2283.935064493074,0.10150822508858107
545,30.0,47.0,11.005163192749023,5.502581596374512,2816.859637340497,0.12519376165957766
546,30.0,47.0,12.306451797485352,6.153225898742676,2519.0038940659083,0.11195572862515148
547,30.0,47.0,10.339975357055664,5.169987678527832,2998.072909220872,0.13324768485426097
548,30.0,47.0,7.955312728881836,3.977656364440918,3896.766985344802,0.1731896437931023
549,30.0,47.0,11.335134506225586,5.667567253112793,2823.0807479544833,0.12547025546464372
550,30.0,47.0,7.574796676635742,3.787398338317871,4224.535834566113,0.18775714820293837
551,30.0,47.0,11.532783508300781,5.766391754150391,2774.6987513437525,0.12331994450416678
552,30.0,47.0,7.666826248168945,3.8334131240844727,4173.826165376124,0.1855033851278277
553,30.0,47.0,9.582996368408203,4.791498184204102,3339.247847937503,0.14841101546388902
554,30.0,47.0,14.058351516723633,7.029175758361816,2276.2270499448828,0.10116564666421701
555,30.0,47.0,16.937255859375,8.4686279296875,1889.3261261261262,0.08397005005005005
556,30.0,47.0,7.666110992431641,3.8330554962158203,4174.215587485227,0.1855206927771212
557,30.0,47.0,9.452342987060547,4.726171493530273,3385.404025626797,0.15046240113896878
558,30.0,47.0,9.424924850463867,4.712462425231934,3395.252535984417,0.15090011271041853
559,30.0,47.0,12.546777725219727,6.273388862609863,2550.4556389548693,0.11335358395354975
560,30.0,47.0,6.6375732421875,3.31878662109375,4821.03908045977,0.21426840357598978
561,30.0,47.0,9.371042251586914,4.685521125793457,3201.3514819997454,0.14228228808887758
562,30.0,47.0,11.277198791503906,5.638599395751953,2837.5841014799153,0.1261148489546629
563,30.0,47.0,7.612943649291992,3.806471824645996,4203.3675111960165,0.18681633383093407
564,30.0,47.0,9.419918060302734,4.709959030151367,3397.0571500885853,0.1509803177817149
565,30.0,47.0,11.321067810058594,5.660533905029297,2738.257602560863,0.1217003378915939
566,30.0,47.0,7.434606552124023,3.7173032760620117,4304.195491132989,0.1912975773836884
567,30.0,47.0,11.527061462402344,5.763530731201172,2776.0761148341194,0.12338116065929419
568,30.0,47.0,7.73167610168457,3.865838050842285,4138.817971568657,0.18394746540305143
569,30.0,47.0,9.474754333496094,4.737377166748047,3271.8526421741317,0.14541567298551697
570,30.0,47.0,9.370565414428711,4.6852827072143555,3414.948680762283,0.15177549692276812
571,30.0,47.0,9.452342987060547,4.726171493530273,3279.6101498259595,0.145760451103376
572,30.0,47.0,12.214183807373047,6.107091903686523,2619.904899472965,0.11644021775435401
573,30.0,47.0,11.014699935913086,5.507349967956543,2905.208511006732,0.12912037826696587
574,30.0,47.0,14.556646347045898,7.278323173522949,2198.3085414789944,0.09770260184351086
575,30.0,47.0,10.164976119995117,5.082488059997559,3148.0644540870176,0.13991397573720077
576,30.0,47.0,12.267827987670898,6.133913993835449,2526.934680789039,0.11230820803506839
577,30.0,47.0,9.946584701538086,4.973292350769043,3217.184688031832,0.14298598613474808
578,30.0,47.0,6.194114685058594,3.097057342529297,5166.194303310239,0.22960863570267728
579,30.0,47.0,9.396076202392578,4.698038101196289,3405.676934788125,0.15136341932391667
580,30.0,47.0,9.614706039428711,4.8073530197143555,3224.227539861631,0.14329900177162805
581,30.0,47.0,9.164094924926758,4.582047462463379,3491.8887530244297,0.15519505568997466
582,30.0,47.0,9.6893310546875,4.84466552734375,3302.6015748031496,0.1467822922134733
583,30.0,47.0,9.51838493347168,4.75919246673584,3256.85504596348,0.14474911315393243
584,30.0,47.0,9.275674819946289,4.6378374099731445,3449.8837681531936,0.15332816747347527
585,30.0,47.0,9.594202041625977,4.797101020812988,3335.3477299271885,0.1482376768856528
586,30.0,47.0,9.469747543334961,4.7348737716674805,3379.1819532213804,0.1501858645876169
587,30.0,47.0,9.645938873291016,4.822969436645508,3317.4583024370954,0.14744259121942646
588,30.0,47.0,9.524106979370117,4.762053489685059,3359.8950609557664,0.14932866937581185
589,30.0,47.0,9.612083435058594,4.806041717529297,3329.142970532791,0.14796190980145738
590,30.0,47.0,9.47427749633789,4.737138748168945,3377.5662589964268,0.15011405595539676
591,30.0,47.0,12.748003005981445,6.374001502990723,2510.1970861620753,0.11156431494053667
592,30.0,47.0,9.467363357543945,4.733681678771973,3380.0329396358507,0.1502236862060378
593,30.0,47.0,6.111383438110352,3.055691719055176,5236.130300784145,0.23271690225707312
594,30.0,47.0,9.255647659301758,4.627823829650879,3349.306406326473,0.14885806250339878
595,30.0,47.0,11.99483871459961,5.997419357299805,2584.444921486782,0.11486421873274585
596,30.0,47.0,11.39068603515625,5.695343017578125,2809.3127930341593,0.12485834635707374
597,30.0,47.0,7.643938064575195,3.8219690322875977,4055.5012008359067,0.18024449781492918
598,30.0,47.0,9.638547897338867,4.819273948669434,3320.002176763054,0.14755565230058018
599,30.0,47.0,9.402275085449219,4.701137542724609,3403.431585353484,0.1512636260157104
600,30.0,47.0,9.540319442749023,4.770159721374512,3249.3670873422466,0.14441631499298874
601,30.0,47.0,9.558916091918945,4.779458045959473,3347.659890753997,0.14878488403351098
602,30.0,47.0,9.40704345703125,4.703521728515625,3295.4030819140307,0.14646235919617914
603,30.0,47.0,12.184381484985352,6.092190742492676,2626.3130417767343,0.11672502407896597
604,30.0,47.0,6.621122360229492,3.310561180114746,4681.9856685031145,0.20808825193347175
605,30.0,47.0,11.299371719360352,5.649685859680176,2832.0158673221786,0.1258673718809857
606,30.0,47.0,14.93525505065918,7.46762752532959,2142.5814217071343,0.09522584096476153
607,30.0,47.0,6.427288055419922,3.213644027709961,4667.598486534609,0.2074488216237604
608,30.0,47.0,10.672330856323242,5.336165428161621,2998.4077921497665,0.13326256853998963
609,30.0,47.0,10.026693344116211,5.0133466720581055,3191.480870288907,0.14184359423506254
610,30.0,47.0,6.317377090454102,3.158688545227051,5065.393365286636,0.22512859401273938
611,30.0,47.0,9.496212005615234,4.748106002807617,3369.764699974893,0.14976731999888415
612,30.0,47.0,9.476661682128906,4.738330841064453,3376.7165140384423,0.15007628951281965
613,30.0,47.0,9.563207626342773,4.781603813171387,3346.1576126249656,0.14871811611666513
614,30.0,47.0,11.240959167480469,5.620479583740234,2846.732162551964,0.12652142944675396
615,30.0,47.0,7.666587829589844,3.833293914794922,4173.955964672223,0.18550915398543213
616,30.0,47.0,9.33218002319336,4.66609001159668,3321.8390475703845,0.1476372910031282
617,30.0,47.0,9.725570678710938,4.862785339355469,3187.4736222788783,0.1416654943235057
618,30.0,47.0,14.61648941040039,7.308244705200195,2189.3081916941246,0.09730258629751665
619,30.0,47.0,14.01829719543457,7.009148597717285,2282.7308876303214,0.10145470611690317
620,30.0,47.0,17.006874084472656,8.503437042236328,1881.5921045253183,0.08362631575668081
621,30.0,47.0,10.149478912353516,5.074739456176758,3152.8712238665726,0.14012760994962545
622,30.0,47.0,17.59934425354004,8.79967212677002,1818.249563108769,0.08081109169372307
623,30.0,47.0,6.581783294677734,3.290891647338867,4861.904223719482,0.2160846321653103
624,30.0,47.0,11.343955993652344,5.671977996826172,2820.8854140395124,0.12537268506842278
625,30.0,47.0,9.839534759521484,4.919767379760742,3252.1862854373635,0.14454161268610505
626,30.0,47.0,7.191658020019531,3.5958290100097656,4310.549794456969,0.19157999086475416
627,30.0,47.0,13.71908187866211,6.859540939331055,2332.5176045323415,0.10366744909032628
628,30.0,47.0,15.125274658203125,7.5626373291015625,2115.6640605296343,0.09402951380131708
629,30.0,47.0,9.461164474487305,4.730582237243652,3382.247511528866,0.15032211162350517
630,30.0,47.0,9.627342224121094,4.813671112060547,3323.8664685487865,0.1477273986021683
631,30.0,47.0,9.203672409057617,4.601836204528809,3476.872989145921,0.15452768840648537
632,30.0,47.0,9.66334342956543,4.831671714782715,3311.4832597271225,0.1471770337656499
633,30.0,47.0,17.752885818481445,8.876442909240723,1802.5238446972241,0.08011217087543218
634,30.0,47.0,17.95482635498047,8.977413177490234,1726.5552663727626,0.07673578961656723
635,30.0,47.0,12.609243392944336,6.304621696472168,2458.5138881010457,0.10926728391560203
636,30.0,47.0,9.347915649414062,4.673957824707031,3423.2230157110794,0.15214324514271463
637,30.0,47.0,9.495735168457031,4.747867584228516,3369.933915838104,0.14977484070391572
638,30.0,47.0,9.375333786010742,4.687666893005371,3413.211809882257,0.15169830266143364
639,30.0,47.0,9.711265563964844,4.855632781982422,3295.1420995777275,0.14645075998123233
640,30.0,47.0,12.302637100219727,6.151318550109863,2519.784965407647,0.11199044290700653
641,30.0,47.0,6.804227828979492,3.402113914489746,4702.958337713305,0.20902037056503578
642,30.0,47.0,9.40704345703125,4.703521728515625,3401.706407137064,0.15118695142831395
643,30.0,47.0,11.307477951049805,5.653738975524902,2829.985620005482,0.12577713866691032
644,30.0,47.0,7.843017578125,3.9215087890625,3952.5603112840467,0.17566934716817986
645,30.0,47.0,11.30819320678711,5.654096603393555,2829.8066202825216,0.12576918312366764
646,30.0,47.0,7.503271102905273,3.7516355514526367,4264.80658383909,0.18954695928173734
647,30.0,47.0,9.490966796875,4.7454833984375,3371.627009646302,0.14985008931761343
648,30.0,47.0,9.614229202270508,4.807114601135254,3328.3999504029757,0.1479288866845767
649,30.0,47.0,14.319419860839844,7.159709930419922,2234.727405927406,0.09932121804121805
650,30.0,47.0,9.74273681640625,4.871368408203125,3181.857478465153,0.14141588793178456
651,30.0,47.0,11.004209518432617,5.502104759216309,2817.1037590726896,0.12520461151434176
652,30.0,47.0,10.607004165649414,5.303502082824707,3016.874463350491,0.13408330948224406
653,30.0,47.0,8.873701095581055,4.436850547790527,3493.469034632849,0.15526529042812662
654,30.0,47.0,12.492895126342773,6.246447563171387,2561.4559056470544,0.11384248469542464
655,30.0,47.0,6.91986083984375,3.459930419921875,4624.370452039691,0.2055275756462085
656,30.0,47.0,8.977651596069336,4.488825798034668,3564.4065329969458,0.1584180681331976
657,30.0,47.0,9.981632232666016,4.990816116333008,3205.888501409258,0.14248393339596702
658,30.0,47.0,14.694690704345703,7.347345352172852,2177.6572670928385,0.09678476742634838
659,30.0,47.0,9.40084457397461,4.700422286987305,3403.949480091301,0.15128664355961338
660,30.0,47.0,11.504650115966797,5.752325057983398,2781.4839806026444,0.12362151024900642
661,30.0,47.0,7.555723190307617,3.7778615951538086,4102.850146729355,0.18234889541019358
662,30.0,47.0,13.015508651733398,6.507754325866699,2381.7739920499716,0.10585662186888763
663,30.0,47.0,5.978584289550781,2.9892921447753906,5352.437709363535,0.23788612041615712
664,30.0,47.0,9.704351425170898,4.852175712585449,3194.4432597105865,0.14197525598713717
665,30.0,47.0,9.420156478881836,4.710078239440918,3290.8158234415732,0.1462584810418477
666,30.0,47.0,9.485960006713867,4.742980003356934,3267.987634151859,0.14524389485119374
667,30.0,47.0,9.538650512695312,4.769325256347656,3354.7722455508897,0.14910098869115065
668,30.0,47.0,16.41392707824707,8.206963539123535,1949.5639189483622,0.08664728528659388
669,30.0,47.0,15.986919403076172,7.993459701538086,2001.636412443702,0.0889616183308312
670,30.0,47.0,6.316184997558594,3.158092498779297,5066.34938849464,0.22517108393309512
671,30.0,47.0,12.729883193969727,6.364941596984863,2513.7701196786097,0.11172311643016043
672,30.0,47.0,6.155729293823242,3.077864646911621,5198.409233510206,0.23104041037823136
673,30.0,47.0,12.361526489257812,6.180763244628906,2588.677056009875,0.11505231360043888
674,30.0,47.0,6.71839714050293,3.359198570251465,4763.040846020086,0.21169070426755937
675,30.0,47.0,9.553670883178711,4.7768354415893555,3349.497841331636,0.1488665707258505
676,30.0,47.0,7.447481155395508,3.723740577697754,4162.481160162628,0.18499916267389457
677,30.0,47.0,9.610891342163086,4.805445671081543,3329.5559028553002,0.14798026234912445
678,30.0,47.0,13.710975646972656,6.855487823486328,2333.8966404674134,0.10372873957632948
679,30.0,47.0,9.456872940063477,4.728436470031738,3383.7823774108156,0.15039032788492512
680,30.0,47.0,9.69696044921875,4.848480224609375,3300.0031471282455,0.14666680653903313
681,30.0,47.0,17.672300338745117,8.836150169372559,1810.7433320291948,0.08047748142351976
682,30.0,47.0,9.433984756469727,4.716992378234863,3179.992418307261,0.1413329963692116
683,30.0,47.0,7.215976715087891,3.6079883575439453,4434.604110222692,0.1970935160098974
684,30.0,47.0,11.152267456054688,5.576133728027344,2869.3716435779033,0.12752762860346237
685,30.0,47.0,10.456085205078125,5.2280426025390625,3060.4188252462604,0.13601861445538935
686,30.0,47.0,6.5975189208984375,3.2987594604492188,4850.308181555363,0.2155692525135717
687,30.0,47.0,9.392023086547852,4.696011543273926,3407.1466504201253,0.15142874001867224
688,30.0,47.0,9.51695442199707,4.758477210998535,3257.3445900243005,0.1447708706677467
689,30.0,47.0,11.671781539916992,5.835890769958496,2741.655152691247,0.12185134011961099
690,30.0,47.0,7.158041000366211,3.5790205001831055,4330.793858042168,0.19247972702409635
691,30.0,47.0,9.330034255981445,4.665017127990723,3322.603020468658,0.1476712453541626
692,30.0,47.0,11.276721954345703,5.638360977172852,2837.704088967821,0.12612018173190315
693,30.0,47.0,9.448528289794922,4.724264144897461,3386.770830179157,0.15052314800796254
694,30.0,47.0,7.740020751953125,3.8700103759765625,3875.958600295712,0.17226482667980944
695,30.0,47.0,9.478092193603516,4.739046096801758,3376.2068722644262,0.15005363876730785
696,30.0,47.0,13.854265213012695,6.927132606506348,2309.7580065050165,0.10265591140022295
697,30.0,47.0,14.655590057373047,7.327795028686523,2183.467187245811,0.09704298609981384
698,30.0,47.0,10.159015655517578,5.079507827758789,3051.4767425486975,0.1356211885577199
699,30.0,47.0,12.653112411499023,6.326556205749512,2529.0220270957775,0.11240097898203455
700,30.0,47.0,9.382247924804688,4.691123962402344,3410.696483025005,0.1515865103566669
701,30.0,47.0,8.8043212890625,4.40216064453125,3634.578856152513,0.1615368380512228
702,30.0,47.0,6.862163543701172,3.431081771850586,4663.252310471823,0.20725565824319214
703,30.0,47.0,16.2203311920166,8.1101655960083,1972.832713536078,0.0876814539349368
704,30.0,47.0,9.867191314697266,4.933595657348633,3141.7248344850914,0.13963221486600405
705,30.0,47.0,9.198904037475586,4.599452018737793,3478.6752714926265,0.15460778984411674
706,30.0,47.0,14.57357406616211,7.286787033081055,2195.75512875045,0.09758911683335332
707,30.0,47.0,10.199308395385742,5.099654197692871,3039.4217723649454,0.1350854121051087
708,30.0,47.0,9.365081787109375,4.6825408935546875,3416.948268839104,0.15186436750396018
709,30.0,47.0,14.24717903137207,7.123589515686035,2246.058670950684,0.0998248298200304
710,30.0,47.0,14.450311660766602,7.225155830383301,2145.2824498011846,0.09534588665783043
711,30.0,47.0,9.521722793579102,4.760861396789551,3360.7363597666326,0.14936606043407255
712,30.0,47.0,13.236045837402344,6.618022918701172,2417.6404640103756,0.10745068728935002
713,30.0,47.0,22.426843643188477,11.213421821594238,1426.8615106575241,0.0634160671403344
714,30.0,47.0,11.907100677490234,5.953550338745117,2603.4885266909614,0.11571060118626496
715,30.0,47.0,10.165214538574219,5.082607269287109,3147.990618256872,0.13991069414474988
716,30.0,47.0,11.98434829711914,5.99217414855957,2586.7071977081923,0.11496476434258633
717,30.0,47.0,7.368564605712891,3.6842823028564453,4342.772536077137,0.19301211271453944
718,30.0,47.0,9.301900863647461,4.6509504318237305,3440.1570677944383,0.1528958696797528
719,30.0,47.0,9.338855743408203,4.669427871704102,3426.543987745724,0.15229084389980996
720,30.0,47.0,14.097929000854492,7.048964500427246,2269.8369383233835,0.10088164170326148
721,30.0,47.0,13.948917388916016,6.974458694458008,2294.084845998701,0.10195932648883116
722,30.0,47.0,10.355710983276367,5.177855491638184,3090.0823759640843,0.13733699448729264
723,30.0,47.0,11.361837387084961,5.6809186935424805,2816.445871367118,0.1251753720607608
724,30.0,47.0,7.68733024597168,3.84366512298584,4162.693545885929,0.1850086020393746
725,30.0,47.0,9.318351745605469,4.659175872802734,3326.7686009620306,0.14785638226497913
726,30.0,47.0,9.305715560913086,4.652857780456543,3438.7468422535935,0.1528331929890486
727,30.0,47.0,9.55510139465332,4.77755069732666,3348.996381964718,0.14884428364287636
728,30.0,47.0,9.319782257080078,4.659891128540039,3433.556612944487,0.1526025161308661
729,30.0,47.0,9.385824203491211,4.6929121017456055,3409.3969060380523,0.151528751379469
730,30.0,47.0,11.574506759643555,5.787253379821777,2764.696644488846,0.12287540642172648
731,30.0,47.0,10.461091995239258,5.230545997619629,3058.954076167468,0.13595351449633192
732,30.0,47.0,6.324529647827148,3.162264823913574,5059.664794360463,0.22487399086046503
733,30.0,47.0,9.411096572875977,4.705548286437988,3293.9838370531756,0.1463992816468078
734,30.0,47.0,16.26729965209961,8.133649826049805,1967.1365674923054,0.08742829188854691
735,30.0,47.0,6.962060928344727,3.4810304641723633,4596.3401253381735,0.20428178334836328
736,30.0,47.0,15.173196792602539,7.5865983963012695,2108.9820713062336,0.09373253650249927
737,30.0,47.0,9.331941604614258,4.665970802307129,3429.082752101377,0.15240367787117232
738,30.0,47.0,9.295940399169922,4.647970199584961,3442.3628622723777,0.15299390498988347
739,30.0,47.0,13.22174072265625,6.610870361328125,2420.2562031159837,0.10756694236071039
740,30.0,47.0,9.976863861083984,4.988431930541992,3207.42073316446,0.1425520325850871
741,30.0,47.0,14.613628387451172,7.306814193725586,2189.736809475642,0.0973216359766952
742,30.0,47.0,18.026113510131836,9.013056755065918,1719.727326834817,0.07643232563710298
743,30.0,47.0,18.99862289428711,9.499311447143555,1684.3326054764952,0.07485922691006645
744,30.0,47.0,11.934041976928711,5.9670209884643555,2681.4050144840676,0.11917355619929189
745,30.0,47.0,20.249128341674805,10.124564170837402,1580.314938008501,0.07023621946704449
746,30.0,47.0,14.391422271728516,7.195711135864258,2223.5467347006393,0.09882429932002841
747,30.0,47.0,9.59324836730957,4.796624183654785,3231.439322017049,0.14361952542297995
748,30.0,47.0,9.59634780883789,4.798173904418945,3334.601937888199,0.14820453057280883
749,30.0,47.0,9.398460388183594,4.699230194091797,3298.412582445459,0.14659611477535373
750,30.0,47.0,9.45901870727539,4.729509353637695,3383.0147703785856,0.15035621201682603
751,30.0,47.0,9.75346565246582,4.87673282623291,3280.8850864113033,0.14581711495161348
752,30.0,47.0,9.394168853759766,4.697084426879883,3406.368407695041,0.1513941514531129
753,30.0,47.0,9.272336959838867,4.636168479919434,3451.125658892803,0.1533833626174579
754,30.0,47.0,11.958837509155273,5.979418754577637,2675.845371717937,0.11892646096524163
755,30.0,47.0,12.683868408203125,6.3419342041015625,2522.8896240601503,0.11212842773600668
756,30.0,47.0,18.349647521972656,9.174823760986328,1743.902707759472,0.07750678701153209
757,30.0,47.0,10.151386260986328,5.075693130493164,2955.261402602283,0.13134495122676812
758,30.0,47.0,11.26241683959961,5.631208419799805,2841.308438121851,0.1262803750276378
759,30.0,47.0,7.635354995727539,3.8176774978637695,4191.029758001561,0.18626798924451382
760,30.0,47.0,11.749982833862305,5.874991416931152,2723.4082340766595,0.12104036595896264
761,30.0,47.0,8.172750473022461,4.0863752365112305,3793.0926806499606,0.16858189691777603
762,30.0,47.0,9.495973587036133,4.747986793518066,3369.849305782219,0.14977108025698752
763,30.0,47.0,14.514446258544922,7.257223129272461,2204.7000229968135,0.09798666768874727
764,30.0,47.0,13.324975967407227,6.662487983703613,2401.505269373222,0.10673356752769875
765,30.0,47.0,8.261442184448242,4.130721092224121,3873.4157167181324,0.172151809631917
766,30.0,47.0,9.343862533569336,4.671931266784668,3424.707917634151,0.15220924078374004
767,30.0,47.0,7.565736770629883,3.7828683853149414,4229.594680616393,0.18798198580517303
768,30.0,47.0,9.175777435302734,4.587888717651367,3487.4429143065013,0.15499746285806673
769,30.0,47.0,9.621858596801758,4.810929298400879,3325.760784993929,0.14781159044417463
770,30.0,47.0,6.493806838989258,3.246903419494629,4927.772074751258,0.219012092211167
771,30.0,47.0,13.998746871948242,6.999373435974121,2285.918896363791,0.10159639539394627
772,30.0,47.0,10.952472686767578,5.476236343383789,2921.7146588880664,0.1298539848394696
773,30.0,47.0,8.395910263061523,4.197955131530762,3811.3794689762885,0.16939464306561283
774,30.0,47.0,7.082939147949219,3.5414695739746094,4376.714151070419,0.19452062893646305
775,30.0,47.0,9.350299835205078,4.675149917602539,3422.3501453414246,0.15210445090406333
776,30.0,47.0,9.515762329101562,4.757881164550781,3257.7526558428544,0.14478900692634908
777,30.0,47.0,12.179374694824219,6.089687347412109,2545.2866651006184,0.11312385178224971
778,30.0,47.0,9.583234786987305,4.791617393493652,3339.164771737778,0.1484073231883457
779,30.0,47.0,11.394262313842773,5.697131156921387,2808.4310435019147,0.12481915748897399
780,30.0,47.0,7.759809494018555,3.8799047470092773,4123.812578732295,0.18328055905476867
781,30.0,47.0,16.260862350463867,8.130431175231934,1967.9153116431828,0.08746290273969701
782,30.0,47.0,17.772197723388672,8.886098861694336,1800.565157897561,0.08002511812878049
783,30.0,47.0,7.361650466918945,3.6808252334594727,4211.0122097354015,0.18715609821046228
784,30.0,47.0,9.72890853881836,4.86445426940918,3186.380042150664,0.14161689076225173
785,30.0,47.0,9.646177291870117,4.823088645935059,3317.3763068785684,0.1474389469723808
786,30.0,47.0,10.686635971069336,5.343317985534668,2994.3941280146355,0.13308418346731712
787,30.0,47.0,13.25225830078125,6.626129150390625,2414.6827864133566,0.10731923495170474
788,30.0,47.0,10.186433792114258,5.093216896057129,3141.4330719719133,0.13961924764319614
789,30.0,47.0,18.860578536987305,9.430289268493652,1643.6399307267372,0.07305066358785499
790,30.0,47.0,17.521381378173828,8.760690689086914,1826.340019050211,0.0811706675133427
791,30.0,47.0,7.434606552124023,3.7173032760620117,4304.195491132989,0.1912975773836884
792,30.0,47.0,13.753175735473633,6.876587867736816,2326.735338476207,0.10341045948783141
793,30.0,47.0,15.250444412231445,7.625222206115723,2098.2995075431877,0.09325775589080834
794,30.0,47.0,9.655237197875977,4.827618598937988,3210.692742672297,0.14269745522987987
795,30.0,47.0,12.472152709960938,6.236076354980469,2565.71585869399,0.1140318159419551
796,30.0,47.0,6.663322448730469,3.3316612243652344,4802.409045369973,0.21344040201644324
797,30.0,47.0,9.487628936767578,4.743814468383789,3372.8131879177768,0.1499028083519012
798,30.0,47.0,9.567022323608398,4.783511161804199,3240.297654945548,0.14401322910869102
799,30.0,47.0,7.514238357543945,3.7571191787719727,4258.581971634356,0.18927030985041582
800,30.0,47.0,13.858318328857422,6.929159164428711,2309.082476000413,0.10262588782224058
801,30.0,47.0,22.205352783203125,11.102676391601562,1441.0939701082289,0.06404862089369906
802,30.0,47.0,12.47549057006836,6.23774528503418,2565.0293926537474,0.11400130634016656
803,30.0,47.0,13.041973114013672,6.520986557006836,2453.616467405214,0.10904962077356506
804,30.0,47.0,9.552717208862305,4.776358604431152,3349.832231013053,0.14888143248946903
805,30.0,47.0,6.263017654418945,3.1315088272094727,4949.6906619970305,0.21998625164431246
806,30.0,47.0,9.481430053710938,4.740715026855469,3375.01830617582,0.15000081360781423
807,30.0,47.0,9.469985961914062,4.734992980957031,3273.5001007049345,0.14548889336466375
808,30.0,47.0,9.75942611694336,4.87971305847168,3278.8813211511215,0.14572805871782762
809,30.0,47.0,9.657144546508789,4.8285722732543945,3313.608887791631,0.14727150612407247
810,30.0,47.0,9.451866149902344,4.725933074951172,3385.5748158611646,0.15046999181605175
811,30.0,47.0,13.731956481933594,6.865978240966797,2330.3307174109314,0.10357025410715251
812,30.0,47.0,9.468555450439453,4.734277725219727,3379.6073928589412,0.15020477301595295
813,30.0,47.0,14.490365982055664,7.245182991027832,2208.363821840499,0.09814950319291106
814,30.0,47.0,8.225202560424805,4.112601280212402,3890.4816951215976,0.17291029756095988
815,30.0,47.0,12.424945831298828,6.212472915649414,2494.9806961660975,0.11088803094071545
816,30.0,47.0,8.951663970947266,4.475831985473633,3574.7543812922813,0.15887797250187918
817,30.0,47.0,9.334802627563477,4.667401313781738,3428.0317727888028,0.15235696767950235
818,30.0,47.0,7.416009902954102,3.708004951477051,4314.988844237261,0.1917772819661005
819,30.0,47.0,7.58671760559082,3.79335880279541,4217.897866188995,0.18746212738617757
820,30.0,47.0,6.8149566650390625,3.4074783325195312,4695.554436048139,0.20869130826880616
